"코드","등록상태","보건소명","시·도","시·군·구","주소","전화번호","사업자번호","가입신청","승인","대기"
"SEO001","미등록","서울특별시 종로구보건소","서울특별시","종로구","서울 종로구 종로53길 23","02-2148-3500","","0","0","0"
"SEO002","미등록","서울특별시 중구보건소","서울특별시","중구","서울 중구 다산로 167","02-3396-6300","","0","0","0"
"SEO003","미등록","서울특별시 용산구보건소","서울특별시","용산구","서울 용산구 녹사평대로 150","02-2199-8000","","2","2","0"
"SEO004","미등록","서울특별시 성동구보건소","서울특별시","성동구","서울 성동구 왕십리로 410","02-2286-7000","","0","0","0"
"SEO005","미등록","서울특별시 광진구보건소","서울특별시","광진구","서울 광진구 자양로 117","02-450-1500","","0","0","0"
"SEO006","미등록","서울특별시 동대문구보건소","서울특별시","동대문구","서울 동대문구 천호대로 145","02-2127-5300","","0","0","0"
"SEO007","미등록","서울특별시 중랑구보건소","서울특별시","중랑구","서울 중랑구 봉화산로 179","02-2094-0800","","0","0","0"
"SEO008","미등록","서울특별시 성북구보건소","서울특별시","성북구","서울 성북구 보문로 168","02-2241-6300","","0","0","0"
"SEO009","미등록","서울특별시 강북구보건소","서울특별시","강북구","서울 강북구 도봉로 328","02-901-7600","","0","0","0"
"SEO010","미등록","서울특별시 도봉구보건소","서울특별시","도봉구","서울 도봉구 마들로 656","02-2091-4400","","0","0","0"
"SEO011","미등록","서울특별시 노원구보건소","서울특별시","노원구","서울 노원구 노원로 283","02-2116-4300","","0","0","0"
"SEO012","미등록","서울특별시 은평구보건소","서울특별시","은평구","서울 은평구 은평로 195","02-351-8200","","0","0","0"
"SEO013","미등록","서울특별시 서대문구보건소","서울특별시","서대문구","서울 서대문구 통일로 484","02-330-1800","","0","0","0"
"SEO014","미등록","서울특별시 마포구보건소","서울특별시","마포구","서울 마포구 월드컵로 212","02-3153-9000","","0","0","0"
"SEO015","미등록","서울특별시 양천구보건소","서울특별시","양천구","서울 양천구 목동동로 105","02-2620-3700","","0","0","0"
"SEO016","미등록","서울특별시 강서구보건소","서울특별시","강서구","서울 강서구 화곡로 302","02-2600-5800","","0","0","0"
"SEO017","미등록","서울특별시 구로구보건소","서울특별시","구로구","서울 구로구 가마산로 235","02-860-2600","","0","0","0"
"SEO018","미등록","서울특별시 금천구보건소","서울특별시","금천구","서울 금천구 시흥대로 73길 70","02-2627-2700","","0","0","0"
"SEO019","미등록","서울특별시 영등포구보건소","서울특별시","영등포구","서울 영등포구 영등포로 200","02-2670-4700","","0","0","0"
"SEO020","미등록","서울특별시 동작구보건소","서울특별시","동작구","서울 동작구 장승배기로 161","02-820-9400","","0","0","0"
"SEO021","미등록","서울특별시 관악구보건소","서울특별시","관악구","서울 관악구 관악로 145","02-879-7100","","0","0","0"
"SEO022","미등록","서울특별시 서초구보건소","서울특별시","서초구","서울 서초구 남부순환로 2584","02-2155-8000","","0","0","0"
"SEO023","미등록","서울특별시 강남구보건소","서울특별시","강남구","서울 강남구 선릉로 668","02-3423-7000","","0","0","0"
"SEO024","미등록","서울특별시 송파구보건소","서울특별시","송파구","서울 송파구 중대로 10","02-2147-3500","","0","0","0"
"SEO025","미등록","서울특별시 강동구보건소","서울특별시","강동구","서울 강동구 성내로 45","02-3425-6700","","0","0","0"
"PUS001","미등록","부산광역시 중구보건소","부산광역시","중구","부산 중구 중구로 120","051-600-4700","","0","0","0"
"PUS002","미등록","부산광역시 서구보건소","부산광역시","서구","부산 서구 구덕로 180","051-240-4800","","0","0","0"
"PUS003","미등록","부산광역시 동구보건소","부산광역시","동구","부산 동구 중앙대로 319","051-440-6500","","0","0","0"
"PUS004","미등록","부산광역시 영도구보건소","부산광역시","영도구","부산 영도구 태종로 187","051-419-4800","","0","0","0"
"PUS005","미등록","부산광역시 부산진구보건소","부산광역시","부산진구","부산 부산진구 시민공원로 30","051-605-6700","","0","0","0"
"PUS006","미등록","부산광역시 동래구보건소","부산광역시","동래구","부산 동래구 명륜로 76","051-550-6700","","0","0","0"
"PUS007","미등록","부산광역시 남구보건소","부산광역시","남구","부산 남구 수영로 309","051-607-6700","","0","0","0"
"PUS008","미등록","부산광역시 북구보건소","부산광역시","북구","부산 북구 화명대로 30","051-309-7000","","0","0","0"
"PUS009","미등록","부산광역시 해운대구보건소","부산광역시","해운대구","부산 해운대구 해운대로 570","051-749-7600","","0","0","0"
"PUS010","미등록","부산광역시 사하구보건소","부산광역시","사하구","부산 사하구 낙동대로 398번길 12","051-220-5900","","0","0","0"
"PUS011","미등록","부산광역시 금정구보건소","부산광역시","금정구","부산 금정구 중앙대로 1777","051-519-5000","","0","0","0"
"PUS012","미등록","부산광역시 강서구보건소","부산광역시","강서구","부산 강서구 가락대로 1393","051-970-3300","","0","0","0"
"PUS013","미등록","부산광역시 연제구보건소","부산광역시","연제구","부산 연제구 연제로 2","051-665-4800","","0","0","0"
"PUS014","미등록","부산광역시 수영구보건소","부산광역시","수영구","부산 수영구 수영로 521","051-610-5800","","0","0","0"
"PUS015","미등록","부산광역시 사상구보건소","부산광역시","사상구","부산 사상구 학감대로 226","051-310-4800","","0","0","0"
"PUS016","미등록","부산광역시 기장군보건소","부산광역시","기장군","부산 기장군 기장읍 기장대로 560","051-709-4000","","0","0","0"
"DAE001","미등록","대구광역시 중구보건소","대구광역시","중구","대구 중구 국채보상로 141","053-661-3000","","0","0","0"
"DAE002","미등록","대구광역시 동구보건소","대구광역시","동구","대구 동구 아양로 121","053-662-3000","","0","0","0"
"DAE003","미등록","대구광역시 서구보건소","대구광역시","서구","대구 서구 국채보상로 201","053-663-3000","","0","0","0"
"DAE004","미등록","대구광역시 남구보건소","대구광역시","남구","대구 남구 현충로 170","053-664-3000","","0","0","0"
"DAE005","미등록","대구광역시 북구보건소","대구광역시","북구","대구 북구 옥산로 20","053-665-3000","","0","0","0"
"DAE006","미등록","대구광역시 수성구보건소","대구광역시","수성구","대구 수성구 달구벌대로 2625","053-666-3000","","0","0","0"
"DAE007","미등록","대구광역시 달서구보건소","대구광역시","달서구","대구 달서구 달서대로 201","053-667-3000","","0","0","0"
"DAE008","미등록","대구광역시 달성군보건소","대구광역시","달성군","대구 달성군 현풍읍 현풍중앙로 66","053-668-3000","","0","0","0"
"DAE009","미등록","대구광역시 군위군보건소","대구광역시","군위군","대구 군위군 군위읍 군청길 1","054-380-6700","","0","0","0"
"ICN001","미등록","인천광역시 중구보건소","인천광역시","중구","인천 중구 우현로 50","032-760-6000","","0","0","0"
"ICN002","미등록","인천광역시 동구보건소","인천광역시","동구","인천 동구 방축로 71","032-770-6000","","0","0","0"
"ICN003","등록됨","인천광역시 미추홀구보건소","인천광역시","미추홀구","인천광역시 미추홀구 주안서로 25 (주안동 1530-1)","032-880-5310","131-83-00379","7","7","0"
"ICN004","미등록","인천광역시 연수구보건소","인천광역시","연수구","인천 연수구 청학로 77","032-749-8000","123-45-68798","2","2","0"
"ICN005","미등록","인천광역시 남동구보건소","인천광역시","남동구","인천 남동구 예술로 136","032-453-5800","122-34-87654","2","2","0"
"ICN006","미등록","인천광역시 부평구보건소","인천광역시","부평구","인천 부평구 부평대로 168","032-509-8200","","0","0","0"
"ICN007","미등록","인천광역시 계양구보건소","인천광역시","계양구","인천 계양구 계양산로 88","032-551-7000","","0","0","0"
"ICN008","미등록","인천광역시 서구보건소","인천광역시","서구","인천 서구 원당대로 1042","032-560-5000","","0","0","0"
"ICN009","미등록","인천광역시 강화군보건소","인천광역시","강화군","인천 강화군 강화읍 강화대로 394","032-930-4000","","0","0","0"
"ICN010","미등록","인천광역시 옹진군보건소","인천광역시","옹진군","인천 옹진군 인천항북항로 72","032-899-2300","","0","0","0"
"GWJ001","미등록","광주광역시 동구보건소","광주광역시","동구","광주 동구 준법로 7-12","062-608-3800","","0","0","0"
"GWJ002","미등록","광주광역시 서구보건소","광주광역시","서구","광주 서구 내방로 111","062-360-8000","","0","0","0"
"GWJ003","미등록","광주광역시 남구보건소","광주광역시","남구","광주 남구 봉선로 100","062-607-4800","","0","0","0"
"GWJ004","미등록","광주광역시 북구보건소","광주광역시","북구","광주 북구 설죽로 315","062-410-8200","","0","0","0"
"GWJ005","미등록","광주광역시 광산구보건소","광주광역시","광산구","광주 광산구 왕버들로 291","062-960-8700","","0","0","0"
"DJN001","미등록","대전광역시 동구보건소","대전광역시","동구","대전 동구 동구청로 147","042-251-4000","","0","0","0"
"DJN002","미등록","대전광역시 중구보건소","대전광역시","중구","대전 중구 중앙로 100","042-288-8000","","0","0","0"
"DJN003","미등록","대전광역시 서구보건소","대전광역시","서구","대전 서구 둔산로 100","042-270-4800","","0","0","0"
"DJN004","미등록","대전광역시 유성구보건소","대전광역시","유성구","대전 유성구 계룡로 105","042-611-5000","","0","0","0"
"DJN005","미등록","대전광역시 대덕구보건소","대전광역시","대덕구","대전 대덕구 대덕대로 1311","042-608-9000","","0","0","0"
"USN001","미등록","울산광역시 중구보건소","울산광역시","중구","울산 중구 북부순환도로 375","052-290-4700","","0","0","0"
"USN002","미등록","울산광역시 남구보건소","울산광역시","남구","울산 남구 삼산로 316","052-226-2000","","0","0","0"
"USN003","미등록","울산광역시 동구보건소","울산광역시","동구","울산 동구 방어진순환도로 778","052-209-4700","","0","0","0"
"USN004","미등록","울산광역시 북구보건소","울산광역시","북구","울산 북구 진장유통로 100","052-241-8000","","0","0","0"
"USN005","미등록","울산광역시 울주군보건소","울산광역시","울주군","울산 울주군 울주군청로 1","052-229-8000","","0","0","0"
"SJG001","미등록","세종특별자치시보건소","세종특별자치시","세종시","세종 한누리대로 2130","044-300-4700","","0","0","0"
"GGI001","미등록","수원시 장안구보건소","경기도","수원시 장안구","경기 수원시 장안구 정조로 944","031-228-2700","","0","0","0"
"GGI002","미등록","수원시 권선구보건소","경기도","수원시 권선구","경기 수원시 권선구 수인로 30","031-228-6700","","0","0","0"
"GGI003","미등록","수원시 팔달구보건소","경기도","수원시 팔달구","경기 수원시 팔달구 효원로 241","031-228-4700","","0","0","0"
"GGI004","미등록","수원시 영통구보건소","경기도","수원시 영통구","경기 수원시 영통구 봉영로 1585","031-228-8700","","0","0","0"
"GGI005","미등록","성남시 수정구보건소","경기도","성남시 수정구","경기 성남시 수정구 수정로 157","031-729-3700","","0","0","0"
"GGI006","미등록","성남시 중원구보건소","경기도","성남시 중원구","경기 성남시 중원구 성남대로 997","031-729-4700","","0","0","0"
"GGI007","미등록","성남시 분당구보건소","경기도","성남시 분당구","경기 성남시 분당구 분당로 53","031-729-5700","","0","0","0"
"GGI008","미등록","의정부시보건소","경기도","의정부시","경기 의정부시 의정부로 1","031-828-4700","","0","0","0"
"GGI009","미등록","안양시 만안구보건소","경기도","안양시 만안구","경기 안양시 만안구 안양로 592","031-8045-4700","","0","0","0"
"GGI010","미등록","안양시 동안구보건소","경기도","안양시 동안구","경기 안양시 동안구 흥안대로 427","031-8045-5700","","0","0","0"
"GGI011","미등록","부천시보건소","경기도","부천시","경기 부천시 길주로 210","032-625-4700","","0","0","0"
"GGI012","미등록","광명시보건소","경기도","광명시","경기 광명시 오리로 830","02-2680-4700","","0","0","0"
"GGI013","미등록","평택시보건소","경기도","평택시","경기 평택시 평택로 279","031-8024-4700","","0","0","0"
"GGI014","미등록","동두천시보건소","경기도","동두천시","경기 동두천시 동두천로 1길 27","031-860-2700","","0","0","0"
"GGI015","미등록","안산시 단원구보건소","경기도","안산시 단원구","경기 안산시 단원구 화랑로 387","031-481-5700","","0","0","0"
"GGI016","미등록","안산시 상록구보건소","경기도","안산시 상록구","경기 안산시 상록구 해안로 820","031-481-6700","","0","0","0"
"GGI017","미등록","고양시 덕양구보건소","경기도","고양시 덕양구","경기 고양시 덕양구 고양시청로 10","031-8075-4700","","0","0","0"
"GGI018","미등록","고양시 일산동구보건소","경기도","고양시 일산동구","경기 고양시 일산동구 중앙로 1305","031-8075-5700","","0","0","0"
"GGI019","미등록","고양시 일산서구보건소","경기도","고양시 일산서구","경기 고양시 일산서구 주화로 40","031-8075-6700","","0","0","0"
"GGI020","미등록","과천시보건소","경기도","과천시","경기 과천시 관문로 69","02-3677-4700","","0","0","0"
"GGI021","미등록","구리시보건소","경기도","구리시","경기 구리시 아차산로 439","031-550-8700","","0","0","0"
"GGI022","미등록","남양주시보건소","경기도","남양주시","경기 남양주시 다산순환로 14","031-590-4700","","0","0","0"
"GGI023","미등록","오산시보건소","경기도","오산시","경기 오산시 오산로 1","031-8036-6700","","0","0","0"
"GGI024","미등록","시흥시보건소","경기도","시흥시","경기 시흥시 시청로 20","031-310-6700","","0","0","0"
"GGI025","미등록","군포시보건소","경기도","군포시","경기 군포시 군포로 591","031-390-6700","","0","0","0"
"GGI026","미등록","의왕시보건소","경기도","의왕시","경기 의왕시 시청로 11","031-345-3700","","0","0","0"
"GGI027","미등록","하남시보건소","경기도","하남시","경기 하남시 대청로 10","031-790-6700","","0","0","0"
"GGI028","미등록","용인시 처인구보건소","경기도","용인시 처인구","경기 용인시 처인구 중부대로 1199","031-324-7000","","0","0","0"
"GGI029","미등록","파주시보건소","경기도","파주시","경기 파주시 중앙로 201","031-940-5700","","0","0","0"
"GGI030","미등록","이천시보건소","경기도","이천시","경기 이천시 중리천로 60","031-644-4700","","0","0","0"
"GGI031","미등록","안성시보건소","경기도","안성시","경기 안성시 시청길 25","031-678-5700","","0","0","0"
"GWN001","미등록","춘천시보건소","강원특별자치도","춘천시","강원 춘천시 공지로 351","033-250-4000","","0","0","0"
"GWN002","미등록","원주시보건소","강원특별자치도","원주시","강원 원주시 원일로 10","033-737-4700","","0","0","0"
"GWN003","미등록","강릉시보건소","강원특별자치도","강릉시","강원 강릉시 강릉대로 33","033-660-3000","","0","0","0"
"GWN004","미등록","동해시보건소","강원특별자치도","동해시","강원 동해시 천곡로 7","033-530-2700","","0","0","0"
"GWN005","미등록","태백시보건소","강원특별자치도","태백시","강원 태백시 황지로 7","033-550-2700","","0","0","0"
"GWN006","미등록","속초시보건소","강원특별자치도","속초시","강원 속초시 조양로 120","033-639-2700","","0","0","0"
"GWN007","미등록","삼척시보건소","강원특별자치도","삼척시","강원 삼척시 엑스포로 10","033-570-4700","","0","0","0"
"GWN008","미등록","홍천군보건소","강원특별자치도","홍천군","강원 홍천군 홍천읍 홍천로 33","033-430-4700","","0","0","0"
"GWN009","미등록","횡성군보건소","강원특별자치도","횡성군","강원 횡성군 횡성읍 횡성로 19","033-340-4700","","0","0","0"
"GWN010","미등록","영월군보건소","강원특별자치도","영월군","강원 영월군 영월읍 영월로 1909","033-370-2700","","0","0","0"
"GWN011","미등록","평창군보건소","강원특별자치도","평창군","강원 평창군 평창읍 평창로 456","033-330-4700","","0","0","0"
"GWN012","미등록","정선군보건소","강원특별자치도","정선군","강원 정선군 정선읍 봉양로 1","033-560-2700","","0","0","0"
"GWN013","미등록","철원군보건소","강원특별자치도","철원군","강원 철원군 갈말읍 군청길 1","033-450-4700","","0","0","0"
"GWN014","미등록","화천군보건소","강원특별자치도","화천군","강원 화천군 화천읍 군청길 1","033-440-2700","","0","0","0"
"GWN015","미등록","양구군보건소","강원특별자치도","양구군","강원 양구군 양구읍 군청로 1","033-480-2700","","0","0","0"
"GWN016","미등록","인제군보건소","강원특별자치도","인제군","강원 인제군 인제읍 인제로 187","033-460-2700","","0","0","0"
"GWN017","미등록","고성군보건소","강원특별자치도","고성군","강원 고성군 간성읍 수성로 10","033-680-4700","","0","0","0"
"GWN018","미등록","양양군보건소","강원특별자치도","양양군","강원 양양군 양양읍 군청길 1","033-670-2700","","0","0","0"
"CNB001","미등록","청주시 상당구보건소","충청북도","청주시 상당구","충북 청주시 상당구 상당로 82","043-201-4700","","0","0","0"
"CNB002","미등록","청주시 서원구보건소","충청북도","청주시 서원구","충북 청주시 서원구 사직대로 45","043-201-5700","","0","0","0"
"CNB003","미등록","청주시 흥덕구보건소","충청북도","청주시 흥덕구","충북 청주시 흥덕구 가로수로 1110","043-201-6700","","0","0","0"
"CNB004","미등록","청주시 청원구보건소","충청북도","청주시 청원구","충북 청주시 청원구 오창읍 중심상업로 48","043-201-7700","","0","0","0"
"CNB005","미등록","충주시보건소","충청북도","충주시","충북 충주시 충원대로 268","043-850-4700","","0","0","0"
"CNB006","미등록","제천시보건소","충청북도","제천시","충북 제천시 의림대로 8","043-641-4700","","0","0","0"
"CNB007","미등록","보은군보건소","충청북도","보은군","충북 보은군 보은읍 군청로 1","043-540-4700","","0","0","0"
"CNB008","미등록","옥천군보건소","충청북도","옥천군","충북 옥천군 옥천읍 군청길 1","043-730-4700","","0","0","0"
"CNB009","미등록","영동군보건소","충청북도","영동군","충북 영동군 영동읍 계산로 1","043-740-4700","","0","0","0"
"CNB010","미등록","증평군보건소","충청북도","증평군","충북 증평군 증평읍 군청로 1","043-835-4700","","0","0","0"
"CNB011","미등록","진천군보건소","충청북도","진천군","충북 진천군 진천읍 문화로 1","043-539-4700","","0","0","0"
"CNA001","미등록","천안시 동남구보건소","충청남도","천안시 동남구","충남 천안시 동남구 청수14로 46","041-521-5700","","0","0","0"
"CNA002","미등록","천안시 서북구보건소","충청남도","천안시 서북구","충남 천안시 서북구 번영로 156","041-521-6700","","0","0","0"
"CNA003","미등록","공주시보건소","충청남도","공주시","충남 공주시 봉황로 1","041-840-8700","","0","0","0"
"CNA004","미등록","보령시보건소","충청남도","보령시","충남 보령시 죽정길 1","041-930-4700","","0","0","0"
"CNA005","미등록","아산시보건소","충청남도","아산시","충남 아산시 시민로 456","041-537-3700","","0","0","0"
"CNA006","미등록","서산시보건소","충청남도","서산시","충남 서산시 관아문길 1","041-661-5700","","0","0","0"
"CNA007","미등록","논산시보건소","충청남도","논산시","충남 논산시 시민로 210","041-746-8700","","0","0","0"
"CNA008","미등록","계룡시보건소","충청남도","계룡시","충남 계룡시 계룡대로 845","042-840-2700","","0","0","0"
"CNA009","미등록","당진시보건소","충청남도","당진시","충남 당진시 시청1로 1","041-360-6700","","0","0","0"
"CNA010","미등록","금산군보건소","충청남도","금산군","충남 금산군 금산읍 군청길 13","041-750-4700","","0","0","0"
"CNA011","미등록","부여군보건소","충청남도","부여군","충남 부여군 부여읍 사비로 33","041-830-8700","","0","0","0"
"CNA012","미등록","서천군보건소","충청남도","서천군","충남 서천군 서천읍 군청로 1","041-950-6700","","0","0","0"
"CNA013","미등록","청양군보건소","충청남도","청양군","충남 청양군 청양읍 칠갑산로 7","041-940-4700","","0","0","0"
"CNA014","미등록","홍성군보건소","충청남도","홍성군","충남 홍성군 홍성읍 아문길 1","041-630-1700","","0","0","0"
"CNA015","미등록","예산군보건소","충청남도","예산군","충남 예산군 예산읍 군청로 1","041-339-8700","","0","0","0"
"CNA016","미등록","태안군보건소","충청남도","태안군","충남 태안군 태안읍 시청로 1","041-670-4700","","0","0","0"
"JNB001","미등록","전주시 완산구보건소","전북특별자치도","전주시 완산구","전북 전주시 완산구 서원로 77","063-281-6700","","0","0","0"
"JNB002","미등록","전주시 덕진구보건소","전북특별자치도","전주시 덕진구","전북 전주시 덕진구 건산로 251","063-281-6800","","0","0","0"
"JNB003","미등록","군산시보건소","전북특별자치도","군산시","전북 군산시 의료원로 27","063-454-5000","","0","0","0"
"JNB004","미등록","익산시보건소","전북특별자치도","익산시","전북 익산시 익산대로 460","063-859-4700","","0","0","0"
"JNB005","미등록","정읍시보건소","전북특별자치도","정읍시","전북 정읍시 시기2길 1","063-539-6700","","0","0","0"
"JNB006","미등록","남원시보건소","전북특별자치도","남원시","전북 남원시 시청로 60","063-620-6700","","0","0","0"
"JNB007","미등록","김제시보건소","전북특별자치도","김제시","전북 김제시 순동로 1","063-540-4700","","0","0","0"
"JNB008","미등록","완주군보건소","전북특별자치도","완주군","전북 완주군 용진읍 완주로 78","063-290-3700","","0","0","0"
"JNB009","미등록","진안군보건소","전북특별자치도","진안군","전북 진안군 진안읍 군청길 1","063-430-2700","","0","0","0"
"JNB010","미등록","무주군보건소","전북특별자치도","무주군","전북 무주군 무주읍 무주로 607","063-320-2700","","0","0","0"
"JNB011","미등록","장수군보건소","전북특별자치도","장수군","전북 장수군 장수읍 군청로 1","063-350-2700","","0","0","0"
"JNB012","미등록","임실군보건소","전북특별자치도","임실군","전북 임실군 임실읍 군청로 1","063-640-2700","","0","0","0"
"JNB013","미등록","순창군보건소","전북특별자치도","순창군","전북 순창군 순창읍 경천로 1","063-650-5700","","0","0","0"
"JNB014","미등록","고창군보건소","전북특별자치도","고창군","전북 고창군 고창읍 중앙로 1","063-560-2700","","0","0","0"
"JNA001","미등록","목포시보건소","전라남도","목포시","전남 목포시 영산로 483","061-270-8700","","0","0","0"
"JNA002","미등록","여수시보건소","전라남도","여수시","전남 여수시 여서1로 1","061-659-4700","","0","0","0"
"JNA003","미등록","순천시보건소","전라남도","순천시","전남 순천시 팔마로 321","061-749-6700","","0","0","0"
"JNA004","미등록","나주시보건소","전라남도","나주시","전남 나주시 시청길 23","061-339-8700","","0","0","0"
"JNA005","미등록","광양시보건소","전라남도","광양시","전남 광양시 광양읍 군청로 33","061-797-4700","","0","0","0"
"JNA006","미등록","담양군보건소","전라남도","담양군","전남 담양군 담양읍 추성로 1371","061-380-3700","","0","0","0"
"JNA007","미등록","곡성군보건소","전라남도","곡성군","전남 곡성군 곡성읍 군청로 50","061-360-8700","","0","0","0"
"JNA008","미등록","구례군보건소","전라남도","구례군","전남 구례군 구례읍 군청로 1","061-780-2700","","0","0","0"
"JNA009","미등록","고흥군보건소","전라남도","고흥군","전남 고흥군 고흥읍 군청길 1","061-830-5700","","0","0","0"
"JNA010","미등록","보성군보건소","전라남도","보성군","전남 보성군 보성읍 군청길 1","061-850-5700","","0","0","0"
"JNA011","미등록","화순군보건소","전라남도","화순군","전남 화순군 화순읍 군청로 1","061-379-5700","","0","0","0"
"JNA012","미등록","장흥군보건소","전라남도","장흥군","전남 장흥군 장흥읍 군청로 1","061-860-5700","","0","0","0"
"JNA013","미등록","강진군보건소","전라남도","강진군","전남 강진군 강진읍 군청로 1","061-430-3700","","0","0","0"
"JNA014","미등록","해남군보건소","전라남도","해남군","전남 해남군 해남읍 군청길 1","061-530-5700","","0","0","0"
"JNA015","미등록","영암군보건소","전라남도","영암군","전남 영암군 영암읍 군청로 1","061-470-6700","","0","0","0"
"JNA016","미등록","무안군보건소","전라남도","무안군","전남 무안군 무안읍 군청로 1","061-450-5700","","0","0","0"
"JNA017","미등록","함평군보건소","전라남도","함평군","전남 함평군 함평읍 군청로 1","061-320-3700","","0","0","0"
"JNA018","미등록","영광군보건소","전라남도","영광군","전남 영광군 영광읍 군청로 1","061-350-5700","","0","0","0"
"JNA019","미등록","장성군보건소","전라남도","장성군","전남 장성군 장성읍 군청로 1","061-390-8700","","0","0","0"
"JNA020","미등록","완도군보건소","전라남도","완도군","전남 완도군 완도읍 군청길 1","061-550-6700","","0","0","0"
"JNA021","미등록","진도군보건소","전라남도","진도군","전남 진도군 진도읍 군청길 1","061-540-6700","","0","0","0"
"JNA022","미등록","신안군보건소","전라남도","신안군","전남 신안군 압해읍 군청로 1","061-240-8700","","0","0","0"
"GNB001","미등록","포항시 남구보건소","경상북도","포항시 남구","경북 포항시 남구 중흥로 100","054-270-4700","","0","0","0"
"GNB002","미등록","포항시 북구보건소","경상북도","포항시 북구","경북 포항시 북구 법원로 87","054-270-5700","","0","0","0"
"GNB003","미등록","경주시보건소","경상북도","경주시","경북 경주시 동문로 1","054-779-8700","","0","0","0"
"GNB004","미등록","김천시보건소","경상북도","김천시","경북 김천시 시청로 1","054-420-6700","","0","0","0"
"GNB005","미등록","안동시보건소","경상북도","안동시","경북 안동시 경동로 1","054-840-6700","","0","0","0"
"GNB006","미등록","구미시보건소","경상북도","구미시","경북 구미시 송원대로 1","054-480-4700","","0","0","0"
"GNB007","미등록","영주시보건소","경상북도","영주시","경북 영주시 광복로 1","054-639-6700","","0","0","0"
"GNB008","미등록","영천시보건소","경상북도","영천시","경북 영천시 시청로 1","054-330-6700","","0","0","0"
"GNB009","미등록","상주시보건소","경상북도","상주시","경북 상주시 시청길 1","054-537-7700","","0","0","0"
"GNB010","미등록","문경시보건소","경상북도","문경시","경북 문경시 모전로 1","054-550-6700","","0","0","0"
"GNB011","미등록","경산시보건소","경상북도","경산시","경북 경산시 삼풍로 27","053-810-6700","","0","0","0"
"GNB012","미등록","군위군보건소","경상북도","군위군","경북 군위군 군위읍 군청길 1","054-380-6700","","0","0","0"
"GNB013","미등록","의성군보건소","경상북도","의성군","경북 의성군 의성읍 군청길 1","054-830-6700","","0","0","0"
"GNB014","미등록","청송군보건소","경상북도","청송군","경북 청송군 청송읍 군청길 1","054-870-6700","","0","0","0"
"GNB015","미등록","영양군보건소","경상북도","영양군","경북 영양군 영양읍 군청길 1","054-680-6700","","0","0","0"
"GNB016","미등록","영덕군보건소","경상북도","영덕군","경북 영덕군 영덕읍 군청길 1","054-730-6700","","0","0","0"
"GNB017","미등록","청도군보건소","경상북도","청도군","경북 청도군 화양읍 군청길 1","054-370-6700","","0","0","0"
"GNB018","미등록","고령군보건소","경상북도","고령군","경북 고령군 대가야읍 군청길 1","054-950-6700","","0","0","0"
"GNB019","미등록","성주군보건소","경상북도","성주군","경북 성주군 성주읍 군청길 1","054-930-6700","","0","0","0"
"GNB020","미등록","칠곡군보건소","경상북도","칠곡군","경북 칠곡군 왜관읍 군청로 1","054-979-6700","","0","0","0"
"GNB021","미등록","예천군보건소","경상북도","예천군","경북 예천군 예천읍 군청로 1","054-650-6700","","0","0","0"
"GNB022","미등록","봉화군보건소","경상북도","봉화군","경북 봉화군 봉화읍 군청길 1","054-679-6700","","0","0","0"
"GNB023","미등록","울진군보건소","경상북도","울진군","경북 울진군 울진읍 군청길 1","054-789-6700","","0","0","0"
"GNA001","미등록","창원시 의창구보건소","경상남도","창원시 의창구","경남 창원시 의창구 의창대로 300","055-212-6700","","0","0","0"
"GNA002","미등록","창원시 성산구보건소","경상남도","창원시 성산구","경남 창원시 성산구 원이대로 450","055-212-7700","","0","0","0"
"GNA003","미등록","창원시 마산합포구보건소","경상남도","창원시 마산합포구","경남 창원시 마산합포구 3·15대로 780","055-212-8700","","0","0","0"
"GNA004","미등록","창원시 마산회원구보건소","경상남도","창원시 마산회원구","경남 창원시 마산회원구 3·15대로 642","055-212-9700","","0","0","0"
"GNA005","미등록","창원시 진해구보건소","경상남도","창원시 진해구","경남 창원시 진해구 진해대로 691","055-212-5700","","0","0","0"
"GNA006","미등록","진주시보건소","경상남도","진주시","경남 진주시 동진로 43","055-749-5700","","0","0","0"
"GNA007","미등록","통영시보건소","경상남도","통영시","경남 통영시 발개로 1","055-650-4700","","0","0","0"
"GNA008","미등록","사천시보건소","경상남도","사천시","경남 사천시 사천대로 1","055-831-4700","","0","0","0"
"GNA009","미등록","김해시보건소","경상남도","김해시","경남 김해시 김해대로 2401","055-330-6700","","0","0","0"
"GNA010","미등록","밀양시보건소","경상남도","밀양시","경남 밀양시 가곡로 1","055-359-6700","","0","0","0"
"GNA011","미등록","거제시보건소","경상남도","거제시","경남 거제시 거제대로 3518","055-639-6700","","0","0","0"
"GNA012","미등록","양산시보건소","경상남도","양산시","경남 양산시 시청로 1","055-392-4700","","0","0","0"
"GNA013","미등록","의령군보건소","경상남도","의령군","경남 의령군 의령읍 군청로 1","055-570-2700","","0","0","0"
"GNA014","미등록","함안군보건소","경상남도","함안군","경남 함안군 가야읍 군청로 1","055-580-4700","","0","0","0"
"GNA015","미등록","창녕군보건소","경상남도","창녕군","경남 창녕군 창녕읍 군청로 1","055-530-6700","","0","0","0"
"GNA016","미등록","고성군보건소","경상남도","고성군","경남 고성군 고성읍 군청로 1","055-670-4700","","0","0","0"
"GNA017","미등록","남해군보건소","경상남도","남해군","경남 남해군 남해읍 군청로 1","055-860-3700","","0","0","0"
"GNA018","미등록","하동군보건소","경상남도","하동군","경남 하동군 하동읍 군청로 1","055-880-6700","","0","0","0"
"JJU001","미등록","제주시보건소","제주특별자치도","제주시","제주 제주시 건입동 1258","064-728-4700","","0","0","0"
"JJU002","미등록","서귀포시보건소","제주특별자치도","서귀포시","제주 서귀포시 일주동로 8760","064-760-6000","","0","0","0"
"JJU003","미등록","제주시 동부보건소","제주특별자치도","제주시 동부","제주 제주시 조쳍에일로 1","064-728-4800","","0","0","0"
"JJU004","미등록","제주시 서부보건소","제주특별자치도","제주시 서부","제주 제주시 애월읍 애월로 1","064-728-4900","","0","0","0"
"JJU005","미등록","서귀포시 동부보건소","제주특별자치도","서귀포시 동부","제주 서귀포시 남원읍 남원로 1","064-760-6100","","0","0","0"
"JJU006","미등록","서귀포시 서부보건소","제주특별자치도","서귀포시 서부","제주 서귀포시 대정읍 대정로 1","064-760-6200","","0","0","0"
"CNB012","미등록","괴산군보건소","충청북도","괴산군","충북 괴산군 괴산읍 군청로 1","043-830-4700","","0","0","0"
"CNB013","미등록","음성군보건소","충청북도","음성군","충북 음성군 음성읍 군청로 1","043-871-4700","","0","0","0"
"CNB014","미등록","단양군보건소","충청북도","단양군","충북 단양군 단양읍 군청길 1","043-420-3700","","0","0","0"
"GGI032","미등록","김포시보건소","경기도","김포시","경기 김포시 사우중로 1","031-980-5000","","0","0","0"
"GGI033","미등록","화성시보건소","경기도","화성시","경기 화성시 남양읍 시청로 159","031-369-6700","","0","0","0"
"GGI034","미등록","광주시보건소","경기도","광주시","경기 광주시 행정타운로 50","031-760-4700","","0","0","0"
"GGI035","미등록","양주시보건소","경기도","양주시","경기 양주시 부흥로 1533","031-8082-6700","","0","0","0"
"GGI036","미등록","포천시보건소","경기도","포천시","경기 포천시 중앙로 87","031-538-4700","","0","0","0"
"GGI037","미등록","여주시보건소","경기도","여주시","경기 여주시 세종로 1","031-887-3700","","0","0","0"
"GGI038","미등록","연천군보건소","경기도","연천군","경기 연천군 연천읍 군청로 1","031-839-4700","","0","0","0"
"GGI039","미등록","가평군보건소","경기도","가평군","경기 가평군 가평읍 군청로 1","031-580-4700","","0","0","0"
"GGI040","미등록","양평군보건소","경기도","양평군","경기 양평군 양평읍 군청로 1","031-770-3700","","0","0","0"
"JNB015","미등록","부안군보건소","전북특별자치도","부안군","전북 부안군 부안읍 군청로 1","063-580-4700","","0","0","0"
"GNA019","미등록","산청군보건소","경상남도","산청군","경남 산청군 산청읍 군청로 1","055-970-7700","","0","0","0"
"GNA020","미등록","함양군보건소","경상남도","함양군","경남 함양군 함양읍 군청로 1","055-960-4700","","0","0","0"
"GNA021","미등록","거창군보건소","경상남도","거창군","경남 거창군 거창읍 군청로 1","055-940-4700","","0","0","0"
"GNA022","미등록","합천군보건소","경상남도","합천군","경남 합천군 합천읍 군청로 1","055-930-4700","","0","0","0"
"GNB024","미등록","울릉군보건소","경상북도","울릉군","경북 울릉군 울릉읍 도동2길 1","054-790-6700","","0","0","0"
"GGI041","미등록","용인시 기흥구보건소","경기도","용인시 기흥구","경기 용인시 기흥구 흥덕중앙로 120","031-324-8000","","0","0","0"
"GGI042","미등록","용인시 수지구보건소","경기도","용인시 수지구","경기 용인시 수지구 포은대로 435","031-324-9000","","0","0","0"
"GGI043","미등록","남양주동부보건소","경기도","남양주시 동부","경기 남양주시 화도읍 동부로 1","031-590-8000","","0","0","0"
"GGI044","미등록","남양주풍양보건소","경기도","남양주시 풍양","경기 남양주시 진접읍 진접로 1","031-590-4700","","0","0","0"
"GGI045","미등록","부천시 소사구보건소","경기도","부천시 소사구","경기 부천시 소사구 소사로 1","032-625-4200","","0","0","0"
"GGI046","미등록","부천시 오정구보건소","경기도","부천시 오정구","경기 부천시 오정구 오정로 1","032-625-4300","","0","0","0"
"GGI047","미등록","평택시송탄보건소","경기도","평택시 송탄","경기 평택시 송탄동 시청로 1","031-8024-7200","","0","0","0"
"GGI048","미등록","파주시 운정보건소","경기도","파주시 운정","경기 파주시 운정동 운정로 1","031-820-7300","","0","0","0"
"GGI049","미등록","화성시동탄구보건소","경기도","화성시 동탄구","경기 화성시 동탄동 동탄대로 1","031-5189-4300","","0","0","0"